{"t": 100000, "min": -81545.50063239306, "max": 108816.98661359586}